{
    "(0, 0)": {
        "up": -152.5772366361459,
        "down": -37.84207224583962,
        "left": -149.36509703224584,
        "right": -170.49069483538494
    },
    "(0, 2)": {
        "up": -93.52818507719569,
        "down": 2.868700413811283,
        "left": -99.78223545470892,
        "right": 25.898674742665953
    },
    "(0, 3)": {
        "up": -77.54580350393982,
        "down": -72.31744607288054,
        "left": -3.7611193516504695,
        "right": 48.08370675035988
    },
    "(0, 4)": {
        "up": -59.75017058848643,
        "down": 43.19326476978505,
        "left": 10.142604151635041,
        "right": -70.58420564390543
    },
    "(1, 0)": {
        "up": -76.86004753178652,
        "down": -36.8067459875177,
        "left": -150.47049952256435,
        "right": -160.63834265976047
    },
    "(1, 2)": {
        "up": 24.088010974160536,
        "down": -8.35213218337204,
        "left": -96.82409954818682,
        "right": -88.70986642637963
    },
    "(1, 4)": {
        "up": 23.332964883011268,
        "down": 55.41935497964516,
        "left": -55.93350056462396,
        "right": -51.12906043754474
    },
    "(2, 0)": {
        "up": -49.51003109671157,
        "down": -34.52533155778739,
        "left": -156.96166261200943,
        "right": -149.02407010761564
    },
    "(2, 2)": {
        "up": 9.394529579557402,
        "down": -14.72042896559002,
        "left": -111.34900301827251,
        "right": -125.6054131024
    },
    "(2, 4)": {
        "up": 50.29513797784982,
        "down": 82.14466509633488,
        "left": -26.36034831131365,
        "right": -27.621080160031788
    },
    "(3, 0)": {
        "up": -54.94113151748739,
        "down": -28.804080808560673,
        "left": -149.4447463798931,
        "right": -145.40979452771992
    },
    "(3, 2)": {
        "up": 0.07679628458635535,
        "down": -24.45816160344782,
        "left": -104.87534447110919,
        "right": -116.48089906558454
    },
    "(3, 4)": {
        "up": 41.4488854769601,
        "down": 99.99999999999994,
        "left": -17.178496464813936,
        "right": -15.521255976107188
    },
    "(4, 0)": {
        "up": -43.281865931842674,
        "down": -142.63016669549566,
        "left": -130.7392965212548,
        "right": -21.059351377212106
    },
    "(4, 1)": {
        "up": -138.9506979348869,
        "down": -139.57552376816062,
        "left": -57.17848893845248,
        "right": -22.836360124871362
    },
    "(4, 2)": {
        "up": -2.5249926552576034,
        "down": -137.89402096184043,
        "left": -30.630958650271474,
        "right": -123.03958653196739
    },
    "(4, 4)": {
        "up": 0.0,
        "down": 0.0,
        "left": 0.0,
        "right": 0.0
    }
}