{
    "(0, 0)": {
        "up": -61.99554244255412,
        "down": 42.61265899999975,
        "left": -62.345897299052396,
        "right": -61.84230843160228
    },
    "(0, 2)": {
        "up": 0.0,
        "down": 0.0,
        "left": 0.0,
        "right": 0.0
    },
    "(0, 3)": {
        "up": 0.0,
        "down": 0.0,
        "left": 0.0,
        "right": 0.0
    },
    "(0, 4)": {
        "up": 0.0,
        "down": 0.0,
        "left": 0.0,
        "right": 0.0
    },
    "(1, 0)": {
        "up": 37.29161649445334,
        "down": 48.45850999999976,
        "left": -56.55270576726741,
        "right": -56.48956930522313
    },
    "(1, 4)": {
        "up": 0.0,
        "down": 0.0,
        "left": 0.0,
        "right": 0.0
    },
    "(2, 0)": {
        "up": 42.48328214012565,
        "down": -52.41681673252926,
        "left": -50.859144312675376,
        "right": 54.95389999999976
    },
    "(2, 1)": {
        "up": -44.24549087129205,
        "down": -44.156789576994896,
        "left": 47.89721195927727,
        "right": 62.170999999999765
    },
    "(2, 2)": {
        "up": -37.0700381855101,
        "down": 70.18999999999977,
        "left": 54.6699678215755,
        "right": -37.01046012603587
    },
    "(2, 4)": {
        "up": 0.0,
        "down": 0.0,
        "left": 0.0,
        "right": 0.0
    },
    "(3, 2)": {
        "up": 61.57025061909348,
        "down": 79.09999999999982,
        "left": -28.902683209981998,
        "right": -29.119149054150196
    },
    "(3, 4)": {
        "up": 0.0,
        "down": 0.0,
        "left": 0.0,
        "right": 0.0
    },
    "(4, 0)": {
        "up": -40.303079877375346,
        "down": -25.647350552698384,
        "left": -32.93735055269838,
        "right": 21.174742124836754
    },
    "(4, 1)": {
        "up": -56.751565741579434,
        "down": -50.48923829162908,
        "left": 3.2994410321142587,
        "right": 78.8838369329992
    },
    "(4, 2)": {
        "up": 70.13444817988236,
        "down": -19.929321609869103,
        "left": 68.92205029947581,
        "right": 88.99999999999989
    },
    "(4, 3)": {
        "up": -10.1152330396725,
        "down": -10.04659504033722,
        "left": 78.55880792354812,
        "right": 99.99999999999994
    },
    "(4, 4)": {
        "up": 0.0,
        "down": 0.0,
        "left": 0.0,
        "right": 0.0
    }
}