{
    "(0, 0)": {
        "up": -50.78930941798668,
        "down": -51.093452882114875,
        "left": -50.787033160734325,
        "right": 54.95389999999976
    },
    "(0, 1)": {
        "up": -44.372586351429895,
        "down": -44.40150909571317,
        "left": 47.535724777274424,
        "right": 62.170999999999765
    },
    "(0, 2)": {
        "up": -38.61017499943334,
        "down": 70.18999999999977,
        "left": 54.80693494048327,
        "right": -37.0369779973395
    },
    "(1, 2)": {
        "up": 61.92109924057706,
        "down": 79.09999999999982,
        "left": -28.85500427908286,
        "right": -28.884345278182867
    },
    "(2, 0)": {
        "up": -18.885646988921007,
        "down": -18.885646988921007,
        "left": -18.939814204695267,
        "right": 10.620910498400416
    },
    "(2, 1)": {
        "up": -36.25599877748988,
        "down": -53.37949255004161,
        "left": 0.1918393134146369,
        "right": 78.82914335335795
    },
    "(2, 2)": {
        "up": 70.11015035075967,
        "down": -20.32126185998017,
        "left": 68.57275559089004,
        "right": 88.99999999999989
    },
    "(2, 3)": {
        "up": -10.071701421916858,
        "down": 99.99999999999994,
        "left": 78.30825977581449,
        "right": -10.063218401554192
    },
    "(3, 3)": {
        "up": 0.0,
        "down": 0.0,
        "left": 0.0,
        "right": 0.0
    }
}