{
    "(0, 0)": {
        "up": -50.60955942688546,
        "down": 54.95389999999976,
        "left": -50.90252376601527,
        "right": -50.999662880605186
    },
    "(0, 2)": {
        "up": -10.0,
        "down": 17.6953505794166,
        "left": -18.52634355784935,
        "right": -25.285167856541648
    },
    "(1, 0)": {
        "up": 47.82195547458636,
        "down": 62.170999999999765,
        "left": -44.139321120755035,
        "right": -44.43604855849768
    },
    "(1, 2)": {
        "up": 1.7764185235003684,
        "down": 78.93726522899098,
        "left": -47.649198491629086,
        "right": -59.615264162506286
    },
    "(2, 0)": {
        "up": 54.67043950877656,
        "down": -37.02751189247273,
        "left": -37.184824450393535,
        "right": 70.18999999999977
    },
    "(2, 1)": {
        "up": -28.984837109867954,
        "down": -29.08856463634416,
        "left": 62.08433171446845,
        "right": 79.09999999999982
    },
    "(2, 2)": {
        "up": 69.1347342728931,
        "down": -20.151356573583865,
        "left": 70.02909769950736,
        "right": 88.99999999999989
    },
    "(2, 3)": {
        "up": -10.18985014949675,
        "down": 99.99999999999994,
        "left": 78.62937799317804,
        "right": -10.077225617249317
    },
    "(3, 3)": {
        "up": 0.0,
        "down": 0.0,
        "left": 0.0,
        "right": 0.0
    }
}